{"cameraMode":{"drawMode":0,"name":"Shaded","section":"Shading Mode"},"sceneLighting":false,"audioPlay":false,"sceneViewState":{"m_AlwaysRefresh":false,"showFog":true,"showSkybox":false,"showFlares":true,"showImageEffects":true,"showParticleSystems":true,"showVisualEffectGraphs":true,"m_FxEnabled":true},"in2DMode":false,"pivot":{"x":15.45372486114502,"y":8.028556823730469,"z":0.9988874197006226},"rotation":{"x":-0.12447142601013184,"y":-0.015777701511979104,"z":0.0019805002957582475,"w":-0.9921016693115234},"size":9.702404975891114,"orthographic":false}